﻿<?xml version="1.0" encoding="utf-8"?>
<manifest identifier="_6AIAzNRpTfm" version="1.0" xmlns="http://www.imsproject.org/xsd/imscp_rootv1p1p2" xmlns:adlcp="http://www.adlnet.org/xsd/adlcp_rootv1p2" xmlns:xsi="http://www.w3.org/2001/XMLSchema-instance" xsi:schemaLocation="http://www.imsproject.org/xsd/imscp_rootv1p1p2 imscp_rootv1p1p2.xsd http://www.imsglobal.org/xsd/imsmd_rootv1p2p1 imsmd_rootv1p2p1.xsd http://www.adlnet.org/xsd/adlcp_rootv1p2 adlcp_rootv1p2.xsd">
  <metadata>
    <schema>ADL SCORM</schema>
    <schemaversion>1.2</schemaversion>
    <lom xmlns="http://www.imsglobal.org/xsd/imsmd_rootv1p2p1" xmlns:xsi="http://www.w3.org/2001/XMLSchema-instance" xsi:schemaLocation="http://www.imsglobal.org/xsd/imsmd_rootv1p2p1 imsmd_rootv1p2p1.xsd">
      <general>
        <title>
          <langstring xml:lang="x-none">Simulador de APR</langstring>
        </title>
      </general>
      <lifecycle>
        <version>
          <langstring xml:lang="x-none">1</langstring>
        </version>
        <status>
          <source>
            <langstring xml:lang="x-none">LOMv1.0</langstring>
          </source>
          <value>
            <langstring xml:lang="x-none">Final</langstring>
          </value>
        </status>
      </lifecycle>
      <metametadata>
        <metadatascheme>ADL SCORM 1.2</metadatascheme>
      </metametadata>
      <educational>
        <typicallearningtime>
          <datetime>PT0H0M0S</datetime>
        </typicallearningtime>
      </educational>
      <rights>
        <cost>
          <source>
            <langstring xml:lang="x-none">LOMv1.0</langstring>
          </source>
          <value>
            <langstring xml:lang="x-none">yes</langstring>
          </value>
        </cost>
        <copyrightandotherrestrictions>
          <source>
            <langstring xml:lang="x-none">LOMv1.0</langstring>
          </source>
          <value>
            <langstring xml:lang="x-none">yes</langstring>
          </value>
        </copyrightandotherrestrictions>
      </rights>
    </lom>
  </metadata>
  <organizations default="Simulador_de_APR_ORG">
    <organization identifier="Simulador_de_APR_ORG">
      <title>Simulador de APR</title>
      <item identifier="Simulador_de_APR_v1_SCO" isvisible="true" identifierref="__6AIAzNRpTfm_RES">
        <title>Simulador de APR</title>
      </item>
    </organization>
  </organizations>
  <resources>
    <resource identifier="__6AIAzNRpTfm_RES" type="webcontent" href="index_lms.html" adlcp:scormtype="sco">
      <file href="story_content/thumbnail.jpg" />
      <file href="mobile/5ztqnupd75n_P_116_0_1748_983.jpg" />
      <file href="story_content/6RiUvI6zQUS_44100_160_0.mp3" />
      <file href="mobile/6TQ6dDBapsG.png" />
      <file href="mobile/6Ko4GjYk7Ns.png" />
      <file href="mobile/5i10FxRsPUq_P_0_0_2044_1147.png" />
      <file href="mobile/5tlNHKOPJf2_P_3_0_2044_1147.jpg" />
      <file href="mobile/6Ko4GjYk7Ns_P_138_175_655_1040.png" />
      <file href="story_content/6gIcfkR18sT_44100_160_0.mp3" />
      <file href="mobile/5i10FxRsPUq.png" />
      <file href="mobile/6Ko4GjYk7Ns_P_123_175_676_1038.png" />
      <file href="story_content/5sSDn8Xs0jz_44100_160_0.mp3" />
      <file href="story_content/6dJkTwoExzd_44100_160_0.mp3" />
      <file href="story_content/6f898ivxedw_44100_160_0.mp3" />
      <file href="mobile/6IlxkE0hsRC_P_0_213_2048_1151.jpg" />
      <file href="mobile/5gSCnO4vZwZ_RG.png" />
      <file href="mobile/5oHDxKwBiUz_P_160_291_787_528.png" />
      <file href="mobile/67w4psy5wyH_RG_P_279_7_564_1042.png" />
      <file href="mobile/65Ihe92nKly_RG_P_-30_-91_1080_1140.png" />
      <file href="mobile/6NxNWjNx9Ic_RG_P_281_17_281_386.png" />
      <file href="mobile/6XmFRZFmPNx_RG_P_40_154_905_770.png" />
      <file href="mobile/5wfgmEKbJKy_P_184_177_711_638.png" />
      <file href="mobile/6J6TjlVRwA5_P_93_320_909_468.png" />
      <file href="mobile/6itYweoqw3M_RG_P_209_294_694_510.png" />
      <file href="mobile/6eDqSLHoptW_RG_P_132_253_720_549.png" />
      <file href="mobile/5hjK8CBXfKw_RG_P_286_177_545_692.png" />
      <file href="mobile/6NKUowHX4ae_RG.png" />
      <file href="story_content/6L0r8nGKGJ5_44100_160_0.mp3" />
      <file href="story_content/5vpRIXmykkv_44100_160_0.mp3" />
      <file href="story_content/642mFSM8bNr_44100_160_0.mp3" />
      <file href="mobile/6Ko4GjYk7Ns_X_P_138_175_510_1040.png" />
      <file href="story_content/67OGDObhono_44100_160_0.mp3" />
      <file href="mobile/5zfGAtm0HUx.png" />
      <file href="mobile/5zfGAtm0HUx_R062F62.png" />
      <file href="mobile/6ZZzjsVuuNQ.png" />
      <file href="mobile/6ZZzjsVuuNQ_R062F62.png" />
      <file href="mobile/5vIwBeCAwow.png" />
      <file href="mobile/5vIwBeCAwow_R062F62.png" />
      <file href="mobile/6hNdObB7pUS.png" />
      <file href="mobile/6hNdObB7pUS_R062F62.png" />
      <file href="mobile/6pvr0Dws7V3.png" />
      <file href="mobile/6pvr0Dws7V3_R062F62.png" />
      <file href="mobile/60IQqKFgAHO.png" />
      <file href="mobile/60IQqKFgAHO_R062F62.png" />
      <file href="mobile/5dXfoN1NCI7.png" />
      <file href="mobile/5dXfoN1NCI7_R062F62.png" />
      <file href="mobile/6KKNnv5H6qw.png" />
      <file href="mobile/6KKNnv5H6qw_R062F62.png" />
      <file href="mobile/5yeFbJJd2nF.png" />
      <file href="mobile/5yeFbJJd2nF_R062F62.png" />
      <file href="mobile/5ZpN1ZCNsDC.png" />
      <file href="mobile/5ZpN1ZCNsDC_R062F62.png" />
      <file href="mobile/6LM2p4i8Q1W.png" />
      <file href="mobile/6LM2p4i8Q1W_R062F62.png" />
      <file href="mobile/6cDecskIJS0.png" />
      <file href="mobile/6cDecskIJS0_R062F62.png" />
      <file href="story_content/601RvZzLyPe_44100_160_0.mp3" />
      <file href="mobile/6Ko4GjYk7Ns_X_P_138_175_493_1040.png" />
      <file href="mobile/6eDqSLHoptW_P_132_253_720_549.png" />
      <file href="mobile/65Ihe92nKly_P_-30_-91_1080_1140.png" />
      <file href="mobile/6itYweoqw3M_P_209_294_694_510.png" />
      <file href="mobile/6XmFRZFmPNx_P_40_154_905_770.png" />
      <file href="mobile/6NKUowHX4ae.png" />
      <file href="mobile/6NxNWjNx9Ic_P_281_17_281_386.png" />
      <file href="mobile/5hjK8CBXfKw_P_286_177_545_692.png" />
      <file href="mobile/67w4psy5wyH_P_279_7_564_1042.png" />
      <file href="mobile/5gSCnO4vZwZ.png" />
      <file href="mobile/6Ko4GjYk7Ns_P_0_0_832_895.png" />
      <file href="meta.xml" />
      <file href="story_content/triggers.js" />
      <file href="story_content/user.js" />
      <file href="mobile/txt__default_6h9UDnASYYU.png" />
      <file href="mobile/txt__default_6ULu2CoVFDF.png" />
      <file href="mobile/txt__default_6oHeKGEF1Be.png" />
      <file href="mobile/txt__default_5edMSzFI1SE.png" />
      <file href="mobile/txt__default_6FhiHJS7xlw.png" />
      <file href="mobile/Shape6dfR3roqxNJ.png" />
      <file href="mobile/Shape6cI9oMXWvHR.png" />
      <file href="mobile/Shape6ndYrxGPLFF.png" />
      <file href="mobile/Shape5ZAJaTFpbYe.png" />
      <file href="mobile/Shape6MenXaHnBtY.png" />
      <file href="mobile/Shape5ed8eSVkWXt.png" />
      <file href="mobile/Shape67AbmbSs0di.png" />
      <file href="mobile/Shape6AlegNcGeBC.png" />
      <file href="mobile/Shape6CdD4MH1jH6.png" />
      <file href="mobile/Shape69IwNIjolms.png" />
      <file href="mobile/Shape6lyx9TEQO3S.png" />
      <file href="mobile/Shape5VlHzgRlSxb.png" />
      <file href="html5/data/css/output.min.css" />
      <file href="html5/data/js/5igrDxoL0l6.js" />
      <file href="html5/data/js/5nRKsGdzsLJ.js" />
      <file href="html5/data/js/5omY9ysHHAn.js" />
      <file href="html5/data/js/5pKBgeqEVqB.js" />
      <file href="html5/data/js/5pmsyZwwB7R.js" />
      <file href="html5/data/js/5VR761aH4MC.js" />
      <file href="html5/data/js/5XAtaiQnkbo.js" />
      <file href="html5/data/js/5XqBKjpuNFC.js" />
      <file href="html5/data/js/5y67GqaRBKv.js" />
      <file href="html5/data/js/5ZOmt8zYaRw.js" />
      <file href="html5/data/js/60GXpqsck7y.js" />
      <file href="html5/data/js/63eWkN1ULhv.js" />
      <file href="html5/data/js/67Bz2vhBvli.js" />
      <file href="html5/data/js/6HdDimjvE0F.js" />
      <file href="html5/data/js/6izuQWJXhEy.js" />
      <file href="html5/data/js/6PZstkiVOpc.js" />
      <file href="html5/data/js/6RI0tK9NHnA.js" />
      <file href="html5/data/js/6TtvMGEhlh4.js" />
      <file href="html5/data/js/6VG1rc9y5sq.js" />
      <file href="html5/data/js/6ZlZZLmrxDV.js" />
      <file href="html5/data/js/data.js" />
      <file href="html5/data/js/frame.js" />
      <file href="html5/data/js/paths.js" />
      <file href="html5/lib/scripts/bootstrapper.min.js" />
      <file href="html5/lib/scripts/frame.desktop.min.js" />
      <file href="html5/lib/scripts/frame.mobile.min.js" />
      <file href="html5/lib/scripts/slides.min.js" />
      <file href="html5/lib/stylesheets/desktop.min.css" />
      <file href="html5/lib/stylesheets/mobile.min.css" />
      <file href="html5/lib/stylesheets/mobile-fonts/open-sans-bold.woff" />
      <file href="html5/lib/stylesheets/mobile-fonts/open-sans-light.woff" />
      <file href="html5/lib/stylesheets/mobile-fonts/open-sans-regular.woff" />
      <file href="analytics-frame.html" />
      <file href="story.html" />
      <file href="index_lms.html" />
      <file href="lms/AICCComm.html" />
      <file href="lms/blank.html" />
      <file href="lms/browsersniff.js" />
      <file href="lms/goodbye.html" />
      <file href="lms/scormdriver.js" />
    </resource>
  </resources>
</manifest>